url,name,price,rating,reviews,description,asin,manufacturer
,,,,,,,
/Baggit-Womens-Satchel-Handbag-Grey/dp/B098TKJG1L,,₹837,4.3 out of 5 stars,,4.34.3 out of 5 stars (776),,
/gp/bestsellers/luggage/2917440031/ref=sr_bs_1_2917440031_1,Best sellerin Waist Bags,₹399,4.9 out of 5 stars,,4.94.9 out of 5 stars (274),,
/Storage-Disposable-Freezer-Feeding-Transparent/dp/B099ZZ57FT,,₹308,4.4 out of 5 stars,,4.44.4 out of 5 stars (515),,
,,,,,,,
/Dell-Pro-Slim-Backpack-15/dp/B07PMQTB6T,,"₹1,599",4.4 out of 5 stars,,4.44.4 out of 5 stars (373),,
/gp/bestsellers/shoes/1983356031/ref=sr_bs_4_1983356031_1,Best sellerin Women's Totes,₹426,4.0 out of 5 stars,,"4.04.0 out of 5 stars (7,618)",,
/Nivia-5183-Polyester-Duffle-Medium/dp/B071KNXQ7Y,,₹529,4.2 out of 5 stars,,"4.24.2 out of 5 stars (3,667)",,
/Lino-Perros-Womens-Tote-Pink/dp/B07JN9G66H,,₹988,4.3 out of 5 stars,,"4.34.3 out of 5 stars (2,530)",,
/Safari-45L-21-OB-BLK/dp/B07BZ5VC4H,,"₹2,211",4.5 out of 5 stars,,"4.54.5 out of 5 stars (6,421)",,
/Safari-Spartan-Water-Resistant-Backpack/dp/B09B26MB5M,,₹599,3.8 out of 5 stars,,3.83.8 out of 5 stars (625),,
/Baggit-Womens-Sling-Bag-Blue/dp/B0BNTL13B4,,₹480,,,FREE Delivery by Amazon,,
,,,,,,,
/Gear-Polyester-Travel-Duffle-DUFCRSTNG0406/dp/B075MMWRW6,,₹539,4.1 out of 5 stars,,"4.14.1 out of 5 stars (15,910)",,
/gp/bestsellers/computers/1375465031/ref=sr_bs_11_1375465031_1,Best sellerin Laptop Briefcases,₹549,4.0 out of 5 stars,,"4.04.0 out of 5 stars (2,368)",,
/PALAY%C2%AE-Crossbody-Mobile-Leather-Shoulder/dp/B09GYGRB56,,₹784,4.3 out of 5 stars,,"4.34.3 out of 5 stars (1,039)",,
/Wildcraft-Wolf_Blk-Casual-Backpack-11629-Wolf_Blk/dp/B079DDT65R,,"₹1,575",4.3 out of 5 stars,,"4.34.3 out of 5 stars (5,412)",,
/gp/bestsellers/shoes/1983355031/ref=sr_bs_14_1983355031_1,Best sellerin Women's Top-Handle Bags,₹569,4.1 out of 5 stars,,"4.14.1 out of 5 stars (8,909)",,
/PETRICE-Multifunctional-Travel-Makeup-Organiser/dp/B07W22LC2D,,₹499,4.2 out of 5 stars,,"4.24.2 out of 5 stars (1,770)",,
/s/?k=bags+for+girls&ref=sugsr_0&pd_rd_w=HINEw&content-id=amzn1.sym.c16802f7-e9f2-4a7a-ace2-b13748bc8783:amzn1.sym.c16802f7-e9f2-4a7a-ace2-b13748bc8783&pf_rd_p=c16802f7-e9f2-4a7a-ace2-b13748bc8783&pf_rd_r=F6MCTC0T77NQVP03GNKA&pd_rd_wg=3UqN2&pd_rd_r=de437bc9-2988-4fe8-ba48-d90099545791&qid=1675245905,bags for girls,,,,,,Related searches
,,,,,,,
/gp/help/customer/display.html?nodeId=200533820,Visit the help section,,,,,,
,,,,,,,
/wooum-Resistant-Material-Messenger-Compartment/dp/B0BQFHN15L,,₹474.05,4.0 out of 5 stars,,4.04.0 out of 5 stars (200),,
/YuvKuz-TM-Infocus-Digitizer-Assembly/dp/B07MXNWTB2,,₹824,4.2 out of 5 stars,,"4.24.2 out of 5 stars (7,317)",,
/House-Quirk-Hanging-Toiletry-Organizer/dp/B072MH8KBB,,₹390,4.0 out of 5 stars,,"4.04.0 out of 5 stars (1,920)",,
,,,,,,,
/Storite-Leather-Laptop-Bag-inch/dp/B081GQJLD2,,"₹1,059",4.0 out of 5 stars,,"4.04.0 out of 5 stars (1,531)",,
/ADISA-SL5013-black-women-girls/dp/B07DVM41CW,,₹495,4.0 out of 5 stars,,"4.04.0 out of 5 stars (2,083)",,
/Womens-Lattice-Office-leather-adjustable/dp/B07VNMWWRX,,"₹1,699",4.4 out of 5 stars,,"4.44.4 out of 5 stars (1,689)",,
/Nivia-6853BKGR-Polyester-Black-Grey/dp/B07NLB6FRS,,₹239,3.9 out of 5 stars,,3.93.9 out of 5 stars (326),,
/Lenovo-Laptop-Backpack-15-6-Inch-GX40Q17227/dp/B075Y6SRMG,,₹922,4.2 out of 5 stars,,"4.24.2 out of 5 stars (53,009)",,
/Capacity-Cosmetic-Portable-Cosmetics-Organizer/dp/B0BK922Y5N,,₹799,4.3 out of 5 stars,,4.34.3 out of 5 stars (107),,
/ADISA-SL5022-black-women-girls/dp/B07NPXWFXX,,₹495,4.1 out of 5 stars,,"4.14.1 out of 5 stars (2,770)",,
,,,,,,,
/Protecta-Professional-15-6-inch-Briefcase-Geometric/dp/B07GNCRCP4,,₹699,4.4 out of 5 stars,,"4.44.4 out of 5 stars (1,380)",,
/ADISA-Womens-Sling-SL5059-CRE_Off-White/dp/B09154JPWQ,,₹399,4.1 out of 5 stars,,"4.14.1 out of 5 stars (2,146)",,
/Gear-Vintage2-Leather-Backpack-LBPVG2LTH0201/dp/B07G4D13L7,,₹949,4.4 out of 5 stars,,"4.44.4 out of 5 stars (3,580)",,
/F-Gear-Luxur-Brown-Backpack/dp/B01F7AX9ZA,,"₹1,032",4.4 out of 5 stars,,"4.44.4 out of 5 stars (16,287)",,
/AirCase-C25-Messenger-Shoulder-Compartments/dp/B07X6DV3VM,,₹949,4.0 out of 5 stars,,4.04.0 out of 5 stars (571),,
/Lavie-Spring-Summer-Womens-Sling/dp/B081KGQ3M4,,₹658,4.0 out of 5 stars,,"4.04.0 out of 5 stars (1,372)",,
/s/?k=bags+for+girls&ref=sugsr_0&pd_rd_w=3iWjE&content-id=amzn1.sym.c16802f7-e9f2-4a7a-ace2-b13748bc8783:amzn1.sym.c16802f7-e9f2-4a7a-ace2-b13748bc8783&pf_rd_p=c16802f7-e9f2-4a7a-ace2-b13748bc8783&pf_rd_r=S9Z83RM2K9ZNJ7BQXWXQ&pd_rd_wg=vrRv6&pd_rd_r=03257b4f-d7c3-459f-bcdf-4c205b864eee&qid=1675245908,bags for girls,,,,,,Related searches
,,,,,,,
/gp/help/customer/display.html?nodeId=200533820,Visit the help section,,,,,,
,,,,,,,
/VIFITKIT-Multi-Purpose-Spacious-Storage-Compartment/dp/B0B4BL4RLC,,₹299,4.1 out of 5 stars,,4.14.1 out of 5 stars (32),,
/Kleider-Nylon-Travel-Mobile-Messenger/dp/B08V5B5G14,,₹259,4.2 out of 5 stars,,"4.24.2 out of 5 stars (1,328)",,
/Hoteon-Backpack-Anti-Theft-Earphone-Resistant/dp/B08HM4TQZZ,,"₹2,049",4.4 out of 5 stars,,"4.44.4 out of 5 stars (3,184)",,
,,,,,,,
/Amazon-Brand-Womens-Sling-Light/dp/B07YXBTD6Z,,₹564.63,4.3 out of 5 stars,,4.34.3 out of 5 stars (608),,
/Safari-Casual-Backpack-Charging-Resistant/dp/B09B2581S9,,₹899,3.7 out of 5 stars,,3.73.7 out of 5 stars (762),,
/ASTRID-Blue-Textured-Cotton-Pouch/dp/B08W431L94,,₹749,4.4 out of 5 stars,,4.44.4 out of 5 stars (218),,
/House-Quirk-Electronics-Accessories-Organizer/dp/B07MMGBD1J,,₹499,4.3 out of 5 stars,,"4.34.3 out of 5 stars (6,460)",,
/Tabelito-Laptop-Backpack-15-6-inch-Repellent/dp/B08Y3L4PHK,,₹549,4.2 out of 5 stars,,"4.24.2 out of 5 stars (1,497)",,
/Isle-Locada-Hidesign-Womens-Sling/dp/B07L6NGWLP,,"₹1,499",4.4 out of 5 stars,,4.44.4 out of 5 stars (250),,
/Kuber-Industries-Lightweight-Toiletry-Carrying/dp/B0B45QRYHY,,₹189,4.1 out of 5 stars,,4.14.1 out of 5 stars (17),,
,,,,,,,
/Isle-Locada-Hidesign-Womens-Sling/dp/B07TDTPRJ9,,"₹1,899",4.5 out of 5 stars,,4.54.5 out of 5 stars (351),,
/AirCase-C17-Laptop-Sleeve-Handle/dp/B07FJV79CX,,₹849,4.2 out of 5 stars,,"4.24.2 out of 5 stars (2,784)",,
/Isle-Locada-Hidesign-Womens-Sling/dp/B07SYJL1P7,,"₹1,999",4.4 out of 5 stars,,4.44.4 out of 5 stars (102),,
/Tabelito-Office-Laptop-Briefcase-Women/dp/B08FL584Z4,,₹549,3.8 out of 5 stars,,"3.83.8 out of 5 stars (1,404)",,
/F-Gear-String-Polyester-33-cms-Black-Drawstring-Gym-Bag/dp/B07PC28YQ9,,₹189,4.0 out of 5 stars,,4.04.0 out of 5 stars (414),,
/Fargo-Handbag-Women-Girls-Light5pc/dp/B09N3K2ZCP,,₹499,3.2 out of 5 stars,,"3.23.2 out of 5 stars (2,952)",,
/s/?k=bags+for+girls&ref=sugsr_0&pd_rd_w=GJVkR&content-id=amzn1.sym.c16802f7-e9f2-4a7a-ace2-b13748bc8783:amzn1.sym.c16802f7-e9f2-4a7a-ace2-b13748bc8783&pf_rd_p=c16802f7-e9f2-4a7a-ace2-b13748bc8783&pf_rd_r=PR24636WY0CYEZT1Z9TP&pd_rd_wg=PJNSp&pd_rd_r=2609e9aa-187d-459a-94e5-77ee23f9e19d&qid=1675245909,bags for girls,,,,,,Related searches
,,,,,,,
/gp/help/customer/display.html?nodeId=200533820,Visit the help section,,,,,,
